Incumbent,Name,Office,Party,Percent,Won,Year,CF_ID,Self,Ind_DE,PAC,National_Sub_Committees,sub_100,Candidate_Committee,Individual,Contrib_Total,Candidate Expenses,Contributions,Field Expenses,Fund Raiser,Mail,Media,Printing and Campaign Materials,Rent and Other Office expenses,Salaries and Other compensation,smol,Expend_Total
0,KAREN HARTLEY-NAGLE,REPRESENTATIVE IN CONGRESS,D,55.4,1,2008,1003534,0,0,0,0,0,0,0,0,0,0,0,0,0,0,0,0,0,0,0
0,JACK MARKELL,GOVERNOR,D,51.2,1,2008,1001573,0,499453,3003050,0,24655,1325,442785,3971268,0,27291,397921.81,39366.95,13502,2866951.8,22491.46,184347.67,541475.93,0,4093348.62
0,JOHN CARNEY,GOVERNOR,D,48.8,0,2008,1000172,0,0,0,0,0,0,0,0,0,0,0,0,0,0,0,0,0,0,0
0,KAREN WELDIN STEWART,INSURANCE COMMISSIONER,D,42.5,1,2008,1000194,0,15400,50259.44,0,0,500,12450,78609.44,2855.3,0,17061,575,1821.26,39696.77,3964.95,428,1525,0,67927.28
0,GENE REED,INSURANCE COMMISSIONER,D,39.3,0,2008,1001570,0,11101,3707.86,0,300,0,22950,38058.86,4214,400,11916.28,10689.88,11461.84,60099.43,30721.32,628.23,14308.95,0,144439.93
0,TOM SAVAGE,INSURANCE COMMISSIONER,D,18.2,0,2008,1000764,0,0,0,0,0,0,0,0,0,0,0,0,0,0,0,0,0,0,0
0,MICHAEL S. KATZ,STATE SENATOR DISTRICT 4,D,63,1,2008,1001807,0,47336,4800,0,425,600,750,53911,1940,0,0,426.02,9436.36,55641.02,513.8,383.94,0,0,68341.14
0,DEE DURHAM,STATE SENATOR DISTRICT 4,D,37,0,2008,1001800,0,5950,3414.78,0,2100,0,0,11464.78,1590,5180,0,260,1801.73,3226.52,6025.21,0,2,0,18085.46
0,JOHN MACKENZIE,STATE SENATOR DISTRICT 6,D,51.2,1,2008,1001785,0,600,4344.61,0,804.19,0,0,5748.8,1590,0,0,121.5,613.23,3869.05,42.88,1214.18,0,0,7450.84
0,MICHAEL A. TERRANOVA,STATE SENATOR DISTRICT 6,D,48.8,0,2008,1001632,0,0,0,0,0,0,0,0,0,0,0,0,0,0,0,0,0,0,0
1,JOHN C. ATKINS,STATE REPRESENTATIVE DISTRICT 41,D,53.9,1,2008,1000316,0,11900,23200,0,4599,0,500,40199,855,600,350,690.17,2833.51,33977.99,0,0,400,0,39706.67
0,BARBARA B. LIFFLANDER,STATE REPRESENTATIVE DISTRICT 41,D,46.1,0,2008,1001813,0,0,0,0,0,0,0,0,0,0,0,0,0,0,0,0,0,0,0
1,CHRISTOPHER A. COONS,COUNTY EXECUTIVE (N),D,64.8,1,2008,1000437,0,0,0,0,0,0,0,0,0,0,0,0,0,0,0,0,0,0,0
0,THOMAS GORDON,COUNTY EXECUTIVE (N),D,35.2,0,2008,1001762,0,11325,2895.5,0,0,4100,1800,20120.5,49.98,0,0,100,0,4929.05,7692.47,2397.97,0,0,15169.47
0,THOMAS GORDON,COUNTY EXECUTIVE (N),D,35.2,0,2008,1002742,0,0,0,0,0,0,0,0,0,0,0,0,0,0,0,0,0,0,0
1,PAUL G. CLARK,PRESIDENT OF COUNTY COUNCIL (N),D,57.3,1,2008,1001318,0,19925,3500,0,0,0,1425,24850,0,800,1406.3,336,767.63,300,1291.62,0,900,0,5801.55
1,PAUL G. CLARK,PRESIDENT OF COUNTY COUNCIL (N),D,57.3,1,2008,1002386,0,0,0,0,0,0,0,0,0,0,0,0,0,0,0,0,0,0,0
0,WILLIAM H. DUNN,PRESIDENT OF COUNTY COUNCIL (N),D,42.7,0,2008,1001814,0,1498,2302.12,0,400,1450,0,5650.12,0,989.5,0,180,0,6885.75,0,0,0,0,8055.25
0,WILLIAM H. DUNN,PRESIDENT OF COUNTY COUNCIL (N),D,42.7,0,2008,1002627,0,0,0,0,0,0,0,0,0,0,0,0,0,0,0,0,0,0,0
1,JOHN CARTIER,COUNTY COUNCIL DISTRICT 8 (N),D,64.6,1,2008,1000342,0,4900,900,0,435,0,700,6935,4870,750,395,811.44,193.88,3959.39,4303,0,4377,0,19659.71
0,CARL S. COLANTUONO,COUNTY COUNCIL DISTRICT 8 (N),D,35.4,0,2008,1002669,0,0,0,0,0,0,0,0,0,0,0,0,0,0,0,0,0,0,0
1,WILLIAM BELL,COUNTY COUNCIL DISTRICT 12 (N),D,65.3,1,2008,1000392,0,2500,1500,0,0,0,0,4000,0,0,691.45,2312.78,0,6194.36,634.11,0,371.02,0,10203.72
0,THOMAS SCHERER,COUNTY COUNCIL DISTRICT 12 (N),D,34.7,0,2008,1001664,0,0,2200,0,0,0,0,2200,0,100,1520,416.1,455.98,3276.4,1849.18,0,0,0,7617.66
1,JAMES M. BAKER,MAYOR,D,65.9,1,2008,1000076,0,7100,0,0,2525,0,1800,11425,4284,450,230,3543.5,191.5,40514.25,8330.14,1803.23,4441,0,63787.62
0,ROBERT I. BOVELL JR.,MAYOR,D,34.1,0,2008,1000405,0,0,0,0,0,735,0,735,4284,0,3740.9,0,0,13343.1,0,905,0,0,22273
0,NORMAN D. GRIFFITHS,PRESIDENT OF CITY COUNCIL,D,53.8,1,2008,1001526,0,4276,1000,0,2500,0,2000,9776,1260,0,0,567.68,0,27144,0,0,900,0,29871.68
0,THEOPALIS K. GREGORY SR.,PRESIDENT OF CITY COUNCIL,D,46.2,0,2008,1000190,0,5075,6860,0,624,0,900,13459,1260,0,0,96,544,33030.44,0,0,0,0,34930.44
0,LORETTA WALSH,CITY COUNCIL AT LARGE,D,20.3,1,2008,1000455,1499.03,4010,4480.53,0,1179.65,0,500,11669.21,996,100,1180,100,3775.22,3096,4216.24,0,0,0,13463.46
0,JUSTEN WRIGHT,CITY COUNCIL AT LARGE,D,19,0,2008,1001758,0,0,0,0,0,0,0,0,0,0,1315.15,119.36,0,13228,773.96,0,0,0,15436.47
0,JUSTEN WRIGHT,CITY COUNCIL AT LARGE,D,19,0,2008,1003590,0,0,0,0,0,0,0,0,0,0,0,0,0,0,0,0,0,0,0
0,CHARLES M. FREEL,CITY COUNCIL AT LARGE,D,17.8,0,2008,1000083,0,0,0,0,0,0,0,0,0,0,0,0,0,0,0,0,0,0,0
0,CHARLES M. FREEL,CITY COUNCIL AT LARGE,D,17.8,0,2008,1001397,0,2550,0,0,0,0,600,3150,0,1000,2871,593.5,2554.15,3564,150,0,0,0,10732.65
0,CHARLES M. FREEL,CITY COUNCIL AT LARGE,D,17.8,0,2008,1001397,0,2550,0,0,0,0,600,3150,0,1000,2871,593.5,2554.15,3564,150,0,0,0,10732.65
0,VINCENT M. WHITE,CITY COUNCIL AT LARGE,D,6.2,0,2008,1001397,0,2550,0,0,0,0,600,3150,0,1000,2871,593.5,2554.15,3564,150,0,0,0,10732.65
0,VINCENT M. WHITE,CITY COUNCIL AT LARGE,D,6.2,0,2008,1001397,0,2550,0,0,0,0,600,3150,0,1000,2871,593.5,2554.15,3564,150,0,0,0,10732.65
0,DARIUS J. BROWN,CITY COUNCIL AT LARGE,D,13.2,0,2008,1001747,0,2700,2400,0,200,0,0,5300,0,0,0,0,0,2550,1800,0,0,0,4350
0,SAMUEL L. GUY,CITY COUNCIL AT LARGE,D,9.2,0,2008,1001811,0,200,2500,0,100,0,0,2800,996,0,0,0,0,2403.88,0,0,0,0,3399.88
0,GARY E. HUTT,CITY COUNCIL AT LARGE,D,7.9,0,2008,1001829,0,600,295,0,100,0,0,995,996,0,295,0,42,4616.82,0,0,0,0,5949.82
0,DWIGHT L. DAVIS,CITY COUNCIL AT LARGE,D,6.4,0,2008,1002793,0,0,0,0,0,0,0,0,0,0,0,0,0,0,0,0,0,0,0
1,CHARLES POTTER JR,CITY COUNCIL DISTRICT 1,D,51.8,1,2008,1000168,2500,350,0,0,0,0,0,2850,996,0,0,936.06,0,26063.7,3487,0,0,0,31482.76
1,CHARLES POTTER JR,CITY COUNCIL DISTRICT 1,D,51.8,1,2008,1002568,0,0,0,0,0,0,0,0,0,0,0,0,0,0,0,0,0,0,0
0,NNAMDI CHUKWUOCHA,CITY COUNCIL DISTRICT 1,D,48.2,0,2008,1001642,5853.65,1195.35,550,0,541.4,800,400,9340.4,0,1101.76,918.29,753.22,3445.14,1500,5462.69,500,2040,0,15721.1
0,ERNEST M. CONGO II,CITY COUNCIL DISTRICT 2,D,48.9,1,2008,1001820,0,1200,2000,0,1250,0,500,4950,996,0,500,0,0,13175,0,0,624,0,15295
0,MICHELE A. GRIFFITHS,CITY COUNCIL DISTRICT 2,D,28.7,0,2008,1001775,0,0,0,0,0,0,0,0,996,390,0,0,0,7735.74,255.09,0,0,0,9376.83
0,DEVON L. HYNSON,CITY COUNCIL DISTRICT 2,D,11.7,0,2008,1001742,0,0,0,0,0,0,0,0,0,0,0,0,0,0,450,0,0,0,450
0,LAWRENCE C. SMITH,CITY COUNCIL DISTRICT 2,D,10.7,0,2008,1001620,0,301,695,0,0,600,0,1596,0,495,0,996,0,2399.2,253.06,424,0,0,4567.26
1,STEPHANIE T. BOLDEN,CITY COUNCIL DISTRICT 3,D,52.1,1,2008,1000078,0,2778,1986,0,300,0,0,5064,2010.88,0,0,218.6,184.5,3730.19,0,822.55,0,0,6966.72
0,RICHARD L. DYTON,CITY COUNCIL DISTRICT 3,D,47.9,0,2008,1001772,0,300,4675,0,600,0,0,5575,0,0,0,0,0,0,0,0,0,0,0
1,HANIFA SHABAZZ,CITY COUNCIL DISTRICT 4,D,70.6,1,2008,1000453,0,1850,0,0,300,0,0,2150,996,275,0,1592,0,3242.64,1260,329.96,1364.92,0,9060.52
1,HANIFA SHABAZZ,CITY COUNCIL DISTRICT 4,D,70.6,1,2008,1003525,0,0,0,0,0,0,0,0,0,0,0,0,0,0,0,0,0,0,0
0,MACK D. COCHRAN,CITY COUNCIL DISTRICT 4,D,29.4,0,2008,1001821,0,550,0,0,0,0,0,550,996,0,150,0,132,440,1225.17,0,0,0,2943.17
0,STEPHEN L. MARTELLI,CITY COUNCIL DISTRICT 8,D,55.3,1,2008,1001748,0,1850,600,0,0,0,0,2450,0,400,0,440,1881,460,5921,0,0,0,9102
0,CAMPBELL HAY,CITY COUNCIL DISTRICT 8,D,33.9,0,2008,1000415,0,350,0,0,450,0,0,800,0,0,0,0,0,2668.34,3996,0,996,0,7660.34
0,JOSEPH D. ZILCOSKY,CITY COUNCIL DISTRICT 8,D,10.8,0,2008,1001825,0,0,837.32,0,0,0,0,837.32,0,0,0,0,0,201.29,0,0,0,0,201.29
1,ALLAN F. ANGEL,3RD LEVY COURT DISTRICT (K),D,56.8,1,2008,1000364,0,0,0,0,0,0,0,0,0,0,0,0,0,0,0,0,0,0,0
0,SEAN M. LYNN,3RD LEVY COURT DISTRICT (K),D,43.2,0,2008,1001678,0,7341,1124.82,0,498,0,0,8963.82,1049,608,1012.58,159.56,2396.81,15474.28,695.08,0,0,0,21395.31
0,WILLIAM SWAIN LEE,GOVERNOR,R,71.9,1,2008,1001769,0,84586.3,14638,0,3970,2675,13671,119540.3,0,6606.45,25646.32,2361.34,15814.94,151918.75,15121.2,10821.17,33690.94,0,261981.11
0,MICHAEL D. PROTACK,GOVERNOR,R,28.1,0,2008,1001602,0,0,0,0,100,0,0,100,0,5300,1500,305,595,4736.71,6142.71,0,0,0,18579.42
0,JOHN D. CLATWORTHY,STATE SENATOR DISTRICT 4,R,47.8,1,2008,1001767,0,36125,17490,0,6750,2100,11050,73515,0,1809.12,4336.52,612,16041.45,52578.25,18612.53,480.97,4179.43,0,98650.27
0,MICHAEL FLEMING,STATE SENATOR DISTRICT 4,R,35.8,0,2008,1001764,0,5550,340,0,1400,0,850,8140,1590,2037.73,5983.34,1746.9,15802.73,22599.17,41233.63,3360.95,492.66,0,94847.11
0,RICHARD L. ABBOTT,STATE SENATOR DISTRICT 4,R,16.4,0,2008,1000104,0,1950,0,0,0,0,0,1950,0,0,2522.2,0,3547.63,820,590,0,0,0,7479.83
0,JAMES DAVID WELDIN,STATE SENATOR DISTRICT 10,R,65.7,1,2008,1000248,0,4500,7352,0,100,800,0,12752,0,0,0,0,0,0,0,0,0,0,0
0,ANDREA DALEY,STATE SENATOR DISTRICT 10,R,34.3,0,2008,1001771,0,0,0,0,0,0,0,0,0,0,0,0,0,1291.72,0,0,0,0,1291.72
0,ANDREA DALEY,STATE SENATOR DISTRICT 10,R,34.3,0,2008,1002251,0,0,0,0,0,0,0,0,0,0,0,0,0,0,0,0,0,0,0
0,SAMUEL R. WILSON JR.,COUNTY COUNCIL DISTRICT 2 (X),R,37.2,1,2008,1001818,3000,1700,0,0,100,0,0,4800,0,0,0,1013,0,0,0,0,0,0,1013
0,ROBERT W. RICKER,COUNTY COUNCIL DISTRICT 2 (X),R,35.7,0,2008,1001817,0,0,0,0,0,0,0,0,0,0,0,0,0,0,0,0,0,0,0
0,ROBERT L. REED,COUNTY COUNCIL DISTRICT 2 (X),R,27.1,0,2008,1001822,0,250,1065.62,0,0,0,0,1315.62,2026,0,0,0,21,1708.38,219.33,0,0,0,3974.71
0,MARK W. BAKER,COUNTY COUNCIL DISTRICT 3 (X),R,54.7,1,2008,1001824,0,29800,45913.93,0,4425,250,0,80388.93,1013,838.75,0,145.42,5007,26025.38,20313.54,0,0,0,53343.09
0,A. JUDSON BENNETT,COUNTY COUNCIL DISTRICT 3 (X),R,45.3,0,2008,1001645,0,2175,19522.17,0,800,0,0,22497.17,0,100,861.73,148,8563,47438.67,6006.41,243,0,0,63360.81
0,CHIP FLOWERS JR.,STATE TREASURER,D,54.3,1,2010,1002085,0,12361.13,243087.41,0,8743.9,1200,9650,275042.44,4292,0,375,4535.36,30407,95592.34,27048.76,4046,75330.02,0,241626.48
0,VELDA JONES-POTTER,STATE TREASURER,D,45.7,0,2010,1002098,0,15225,40450,0,10135,1650,5900,73360,0,8847.13,15835.48,5593.06,18437.26,36423.21,38243.62,8017.51,11423.61,0,142820.88
0,VELDA JONES-POTTER,STATE TREASURER,D,45.7,0,2010,1003794,0,0,0,0,0,0,0,0,0,0,0,0,0,0,0,0,0,0,0
0,RICHARD KORN,AUDITOR OF ACCOUNTS,D,53.9,1,2010,1000452,10000,3800,6850,0,661,0,1634,22945,4108.6,0,2818.45,175.8,12140.32,20481.62,13132.04,0,2000,0,54856.83
0,KENNETH A. MATLUSKY,AUDITOR OF ACCOUNTS,D,46.1,0,2010,1002105,0,2100,2400,0,893.88,0,0,5393.88,0,2400,0,0,6603.84,24503.27,3617,0,1200,0,38324.11
1,GEORGE H. BUNTING JR.,STATE SENATOR DISTRICT 20,D,78.8,1,2010,1000027,0,0,6000,0,0,0,0,6000,0,0,0,0,0,2094,0,0,0,0,2094
0,PERRY J. MITCHELL,STATE SENATOR DISTRICT 20,D,21.2,0,2010,1003787,0,0,0,0,0,0,0,0,0,0,0,0,0,0,0,0,0,0,0
0,STEPHANIE T. BOLDEN,STATE REPRESENTATIVE DISTRICT 2,D,51.2,1,2010,1000078,0,200,10670.95,0,706.17,0,850,12427.12,0,477.12,379,350,1510.4,4738.5,1850.46,0,0,0,9305.48
1,HAZEL D. PLANT,STATE REPRESENTATIVE DISTRICT 2,D,48.8,0,2010,1000215,0,2000,3050,0,0,0,0,5050,833,0,0,2274,2842,6600,3961,0,400,0,16910
1,HELENE M. KEELEY,STATE REPRESENTATIVE DISTRICT 3,D,55.5,1,2010,1000033,0,3925,8850,0,3000,200,2600,18575,0,200,2933,3865.9,972,13345.73,2980,182,1327.99,0,25806.62
0,ROBERT BOVELL,STATE REPRESENTATIVE DISTRICT 3,D,44.5,0,2010,1003194,0,0,0,0,0,0,0,0,0,0,0,0,0,0,0,0,0,0,0
0,ROBERT BOVELL,STATE REPRESENTATIVE DISTRICT 3,D,44.5,0,2010,1000405,0,2780,16611.16,0,175,0,0,19566.16,0,0,0,833,0,15262.58,0,0,0,0,16095.58
1,S. QUINTON JOHNSON,STATE REPRESENTATIVE DISTRICT 8,D,68.7,1,2010,1001763,0,6245.89,9239.81,0,4000,600,200,20285.7,0,0,2395,1094,10570.18,13651.51,518,0,0,0,28228.69
0,VALERIE V. JONES-RABB,STATE REPRESENTATIVE DISTRICT 8,D,31.3,0,2010,1002312,0,0,1300,0,150,200,450,2100,0,0,0,0,243.6,2721.2,146.97,0,0,0,3111.77
0,REBECCA WALKER,STATE REPRESENTATIVE DISTRICT 9,D,79,1,2010,1001468,0,500,1800,0,0,300,0,2600,0,0,200,2316,114.4,1155,1647,0,0,0,5432.4
0,RICHARD H. GRIFFITHS,STATE REPRESENTATIVE DISTRICT 9,D,21,0,2010,1002264,0,0,5250,0,275.75,300,0,5825.75,75.75,300,1333.42,0,833,1909.25,1032,0,0,0,5483.42
1,DENNIS E. WILLIAMS,STATE REPRESENTATIVE DISTRICT 10,D,72.2,1,2010,1001776,0,1400,10277.65,0,80,1600,600,13957.65,0,833,17.45,368.9,236.8,3169.3,17092.77,85.1,1147.65,0,22950.97
0,KENNETH DARGIS,STATE REPRESENTATIVE DISTRICT 10,D,27.8,0,2010,1002245,0,0,0,0,0,0,0,0,0,0,0,0,0,704,0,0,0,0,704
0,EDWARD S. OSIENSKI,STATE REPRESENTATIVE DISTRICT 24,D,70.9,1,2010,1002132,0,0,15850,0,1450,0,250,17550,0,350,833,888.26,2113,4920.01,3365,980,875,0,14324.27
0,KAY WILDE GALLOGLY,STATE REPRESENTATIVE DISTRICT 24,D,29.1,0,2010,1002093,0,500,11956.96,0,300.72,550,0,13307.68,833,0,310,243,0,11836,2852.51,23.97,0,0,16098.48
0,EARL G. JAQUES JR.,STATE REPRESENTATIVE DISTRICT 27,D,64.3,1,2010,1001341,0,3780,4400,0,2270,0,1800,12250,0,0,0,1941.46,2642.66,20043.92,0,0,0,0,24628.04
0,JAMES MARAVELIAS,STATE REPRESENTATIVE DISTRICT 27,D,35.7,0,2010,1002294,0,6200,13900,0,500,700,600,21900,0,3600,0,4578.23,1824.1,5353.63,16227.52,1214.41,1126.11,0,33924
0,TRINIDAD NAVARRO,SHERIFF (N),D,63.3,1,2010,1002099,0,16650,360,0,6135,930,3220,27295,3356,1025,560,11983.14,8796.4,7499.64,6578.89,0,100,0,39899.07
0,TRINIDAD NAVARRO,SHERIFF (N),D,63.3,1,2010,1003501,0,0,0,0,0,0,0,0,0,0,0,0,0,0,0,0,0,0,0
1,MICHAEL P. WALSH,SHERIFF (N),D,36.7,0,2010,1000074,0,13950,9258.46,0,4700,200,2300,30408.46,0,2808.46,600,1486,2640,16086.8,2178.02,0,5100,0,30899.28
1,JOHN F. BRADY,RECORDER OF DEEDS (X),D,56,1,2010,1000201,0,1600,0,0,0,900,0,2500,0,0,400,195,0,2289.5,247.2,0,550,0,3681.7
0,ALMA C. ROACH,RECORDER OF DEEDS (X),D,44,0,2010,1002126,0,1042,0,0,1640,0,0,2682,0,200,125,250,276.3,3520.52,846.81,400,1901.21,0,7519.84
0,GLEN URQUHART,REPRESENTATIVE IN CONGRESS,R,48.6,1,2010,1002292,0,0,0,0,0,0,0,0,0,0,0,0,0,0,0,0,0,0,0
0,JOSEPH W. BOOTH,STATE SENATOR DISTRICT 19,R,51.4,1,2010,1002077,0,4550,2200,0,2100,500,1900,11250,0,270,830.83,7335.29,2572.99,5921.24,10089.78,280.26,0,0,27300.39
0,JOSEPH W. BOOTH,STATE SENATOR DISTRICT 19,R,51.4,1,2010,1000279,0,0,0,0,0,0,0,0,0,0,0,0,0,0,0,0,0,0,0
0,ERIC R. BODENWEISER,STATE SENATOR DISTRICT 19,R,48.6,0,2010,1002282,0,870,0,0,200,0,500,1570,834,0,421.73,286.92,5307.04,12048.03,6884.76,1050,0,0,26832.48
0,JOHN MARINO,STATE REPRESENTATIVE DISTRICT 9,R,75.5,1,2010,1002318,0,5600,4950,0,950,1900,250,13650,0,0,176,0,0,30490.38,0,0,500,0,31166.38
0,JOHN MARINO,STATE REPRESENTATIVE DISTRICT 9,R,75.5,1,2010,1003800,0,0,0,0,0,0,0,0,0,0,0,0,0,0,0,0,0,0,0
0,ANTHONY MIRTO,STATE REPRESENTATIVE DISTRICT 9,R,24.5,0,2010,1002324,0,2900,3429,0,0,0,0,6329,833,0,0,0,610.48,4431.3,228,0,0,0,6102.78
0,LINCOLN D. WILLIS,STATE REPRESENTATIVE DISTRICT 29,R,72,1,2010,1002130,0,35025,3819.94,0,5425,1700,3550,49519.94,834,800,1516.63,6798.84,7230.93,7323.16,8123.25,0,24.99,0,32651.8
0,GEORGE A. PHILLIPS,STATE REPRESENTATIVE DISTRICT 29,R,28,0,2010,1002286,0,0,0,0,0,0,0,0,0,0,0,0,0,0,0,0,0,0,0
0,RONALD SMITH,STATE REPRESENTATIVE DISTRICT 31,R,50.6,1,2010,1000091,0,6150,3091.26,0,2295,1025,1050,13611.26,834,1557.26,150,930.42,1436.4,21561.97,1117.56,0,150,0,27737.61
0,RONALD POLIQUIN,STATE REPRESENTATIVE DISTRICT 31,R,49.4,0,2010,1002082,0,1150,113.41,0,830,0,425,2518.41,0,95.2,0,834,175.01,2517.87,7880.65,0,0,0,11502.73
0,HAROLD J. PETERMAN,STATE REPRESENTATIVE DISTRICT 33,R,56.3,1,2010,1000093,0,7075,8000,0,0,1500,0,16575,830,0,315.04,1485,736.12,12506.71,0,0,0,0,15872.87
0,STEVEN RUST,STATE REPRESENTATIVE DISTRICT 33,R,43.7,0,2010,1002287,0,1800,0,0,800,600,200,3400,936.5,50,1886.45,456.86,563.18,4450.68,0,24.7,233.2,0,8601.57
0,JANET KILPATRICK,COUNTY COUNCIL DISTRICT 3 (N),R,51.7,1,2010,1002250,0,2700,1350,0,0,2350,0,6400,0,0,204.93,816,1960.03,2311.86,8960.31,0,0,0,14253.13
0,MICHAEL D. PROTACK,COUNTY COUNCIL DISTRICT 3 (N),R,48.3,0,2010,1001602,0,2350,5000,0,500,0,0,7850,0,816,1200,0,3449.66,4185.14,3906,0,0,0,13556.8
0,WILLIAM HART,SHERIFF (N),R,56.4,1,2010,1002333,0,600,3400,0,500,0,600,5100,3356,150,132,0,5.6,0,2020,0,0,0,5663.6
0,JOSEPH O'LEARY,SHERIFF (N),R,43.6,0,2010,1002335,0,0,0,0,0,0,0,0,0,0,0,100,0,91.32,0,0,34.05,0,225.37
0,JOSEPH O'LEARY,SHERIFF (N),R,43.6,0,2010,0,0,0,0,0,0,0,0,0,0,0,0,0,0,0,0,0,0,0,0
1,KAREN WELDIN STEWART,INSURANCE COMMISSIONER,D,32.7,1,2012,1000194,0,11549.72,4100.28,0,1760,300,23550,41260,100,2363.73,12807.5,2153.22,2028.24,67495.75,17319.8,810,5200.99,0,110279.23
0,MITCH CRANE,INSURANCE COMMISSIONER,D,30.3,0,2012,1002531,0,11250.03,32585.63,0,4960.03,730,14425,63950.69,0,2010.63,25016.98,269.28,5135,53399.95,45014.55,4214,73.42,0,135133.81
0,PAUL J. GALLAGHER,INSURANCE COMMISSIONER,D,19.9,0,2012,1002580,0,5950,765.12,0,760,0,123,7598.12,0,4607,7218,1760.11,688,7886.05,2223.05,0,0,0,24382.21
0,DENNIS SPIVACK,INSURANCE COMMISSIONER,D,17.1,0,2012,1002678,0,27950,26000,0,4761,0,7800,66511,4214,0,32031,475.98,15826.54,16577.32,35562.07,644.97,0,0,105331.88
1,HARRIS B. MCDOWELL III,STATE SENATOR DISTRICT 1,D,52.2,1,2012,1000009,0,1650,2450,0,1600,500,0,6200,1744,0,970,352.69,1061.86,27556.35,1207,0,0,0,32891.9
0,DAVID D. BRADY,STATE SENATOR DISTRICT 1,D,36,0,2012,1002764,0,1200,2977.69,0,210,0,0,4387.69,0,1744,256,222.42,33.6,1358.26,6846.02,0,435.04,0,10895.34
0,JAMES MARTIN,STATE SENATOR DISTRICT 1,D,11.8,0,2012,1002769,10000,0,0,0,0,0,0,10000,1744,0,0,0,1440,1210,976.73,184.98,0,0,5555.71
1,ROBERT I. MARSHALL,STATE SENATOR DISTRICT 3,D,62.2,1,2012,1000011,0,300,200,0,0,0,800,1300,0,0,0,1547,11113.91,5036.25,14623.64,0,0,0,32320.8
0,ERIC M. ANDERSON,STATE SENATOR DISTRICT 3,D,22.7,0,2012,1002125,0,0,0,0,300,0,0,300,0,0,0,7,0,0,2875,0,0,0,2882
0,TIMOTHY J. MEADES SR.,STATE SENATOR DISTRICT 3,D,15.1,0,2012,1002306,0,0,0,0,0,0,0,0,0,0,0,872,0,282.74,473.54,0,0,0,1628.28
0,ANDREW W. STATON,STATE SENATOR DISTRICT 6,D,58.1,1,2012,1002545,0,34570,2912.39,0,5335,1200,16590,60607.39,0,3312.39,15033.43,125,769,30821.79,1633.1,107,30061,0,81862.71
0,ROBERT G. FREDERICK,STATE SENATOR DISTRICT 6,D,22.6,0,2012,1002792,0,1670.7,2048.49,0,474.76,0,550,4743.95,0,197.71,0,872,0,1420,0,0,0,0,2489.71
0,MICHEAL C. MILLER SR.,STATE SENATOR DISTRICT 6,D,19.3,0,2012,1001993,0,1100,6000,0,450,0,0,7550,0,0,0,0,0,10505.79,500,0,0,0,11005.79
0,BRYAN TOWNSEND,STATE SENATOR DISTRICT 11,D,57.8,1,2012,1002581,0,24411,0,0,1392,600,0,26403,0,0,3744.9,2202.53,5893.5,14080.2,12116.61,872,1000,0,39909.74
1,ANTHONY J. DELUCA,STATE SENATOR DISTRICT 11,D,42.2,0,2012,1000108,0,28785,12400,0,7500,0,0,48685,0,0,9176.39,1896.37,4207.99,63721.52,5076.33,9482.81,8587.5,0,102148.91
0,CHARLES POTTER JR.,STATE REPRESENTATIVE DISTRICT 1,D,63.9,1,2012,1002568,10713.78,7820,0,0,2875,0,300,21708.78,872,0,2587.42,2065,5963.18,5981.7,4676.66,800,0,3313.86,26259.82
0,ROURKE A. MOORE,STATE REPRESENTATIVE DISTRICT 1,D,23.6,0,2012,1002680,0,350,2200,0,0,200,0,2750,0,0,0,1146,0,4342,0,0,0,0,5488
0,VICTORIA A. KENT,STATE REPRESENTATIVE DISTRICT 1,D,12.5,0,2012,1002663,0,0,2250,0,0,0,0,2250,872,500,150,260.83,0,340,788.77,0,0,0,2911.6
1,STEPHANIE T. BOLDEN,STATE REPRESENTATIVE DISTRICT 2,D,62.1,1,2012,1000078,0,2950,6990,0,0,0,0,9940,872,100,859,1260.78,430,11775.56,3519.64,492.32,1632,0,20941.3
0,ARTHUR SCOTT,STATE REPRESENTATIVE DISTRICT 2,D,37.9,0,2012,1002759,0,0,11260,0,71.64,0,0,11331.64,0,0,200,200,0,1755,2722.5,0,0,0,4877.5
1,DENNIS E. WILLIAMS,STATE REPRESENTATIVE DISTRICT 10,D,52.8,1,2012,1001776,0,6850,8000,0,200,300,2850,18200,872,0,3496.42,579.07,2006,1957.46,5472.76,2987.94,0,0,17371.65
0,SEAN MATTHEWS,STATE REPRESENTATIVE DISTRICT 10,D,47.2,0,2012,1002578,5000,600,1200,0,385.86,0,500,7685.86,0,872,0,0,896.38,230.86,1527.3,0,0,0,3526.54
0,LYNNE NEWLIN,STATE REPRESENTATIVE DISTRICT 11,D,66.7,1,2012,1001689,0,900,10410.4,0,1090,650,0,13050.4,0,1179.89,595.54,1865.96,3055,3529.25,11553.41,0,0,0,21779.05
0,DAVID BROWN JR.,STATE REPRESENTATIVE DISTRICT 11,D,33.3,0,2012,1002698,0,500,600,0,100,0,0,1200,0,100,0,0,320,2908.29,0,0,0,0,3328.29
1,VALERIE LONGHURST,STATE REPRESENTATIVE DISTRICT 15,D,57.9,1,2012,1000298,0,2200,7475,0,3550,0,0,13225,872,750,0,1839,1100.5,3999.14,708.99,150,0,0,9419.63
0,JAMES D. BURTON,STATE REPRESENTATIVE DISTRICT 15,D,42.1,0,2012,1002725,0,0,2882.11,0,973.06,150,0,4005.17,875,0,197.42,1077.43,184.5,2877.4,836.29,49.96,0,0,6098
0,KIMBERLY WILLIAMS,STATE REPRESENTATIVE DISTRICT 19,D,54.3,1,2012,1001986,0,1975,5047,0,1765,1450,0,10237,0,0,219.04,1550.15,316.05,5604.31,4058.8,0,0,0,11748.35
0,WILLIAM H. DUNN,STATE REPRESENTATIVE DISTRICT 19,D,45.7,0,2012,1001814,0,0,0,0,0,0,0,0,0,0,0,0,0,0,0,0,0,0,0
0,WILLIAM H. DUNN,STATE REPRESENTATIVE DISTRICT 19,D,45.7,0,2012,1002627,0,3400,2925,0,1660,200,0,8185,2897,0,150,786.95,135,2401,405,0,0,0,6774.95
0,M. MARIE MAYOR,STATE REPRESENTATIVE DISTRICT 20,D,64.9,1,2012,1002656,0,10232.07,5127.91,0,753.78,300,1750,18163.76,0,200,267.07,1629.56,2520,4632.07,11086.46,0,0,0,20335.16
0,LYNN J. ROGERS,STATE REPRESENTATIVE DISTRICT 20,D,28.9,0,2012,1000087,0,125,0,0,0,0,0,125,0,0,0,1292,0,6277.97,120,0,0,0,7689.97
0,THOMAS D. JONES SR.,STATE REPRESENTATIVE DISTRICT 20,D,6.2,0,2012,1002767,0,0,0,0,0,0,0,0,0,0,0,0,0,545.68,0,0,0,0,545.68
0,PAUL S. BAUMBACH,STATE REPRESENTATIVE DISTRICT 23,D,38.9,1,2012,1002735,0,5395,10160,0,1580,0,2050,19185,0,330,704,3189.42,2807.17,3571.05,9939,750,100,0,21390.64
0,GERALD J. GRANT JR.,STATE REPRESENTATIVE DISTRICT 23,D,34.9,0,2012,1002736,0,3150,300,0,4458.63,1250,500,9658.63,0,140,0,896.89,1183.36,2270.85,6998.08,872,0,0,12361.18
0,CLAUDIA B. BOCK,STATE REPRESENTATIVE DISTRICT 23,D,26.2,0,2012,1002734,0,700,2374.94,0,2895.65,0,412,6382.59,872,1470.87,25,305.82,9,0,4090.02,0,0,0,6772.71
0,ANDRIA L. BENNETT,STATE REPRESENTATIVE DISTRICT 32,D,61.6,1,2012,1002779,0,3500,200,0,350,2100,0,6150,0,0,0,820.66,551.5,4607.5,4232.7,1127.53,1365,0,12704.89
0,WILLIAM P. MCGLUMPHY,STATE REPRESENTATIVE DISTRICT 32,D,38.4,0,2012,1002750,0,1000,1472,0,0,600,200,3272,0,0,0,1022,0,414,6598.41,0,0,0,8034.41
0,BENJAMIN D. LOWE,STATE REPRESENTATIVE DISTRICT 40,D,65.4,1,2012,1002689,0,1545,300,0,1000,600,0,3445,0,0,475,2407.5,0,3133.2,0,0,0,0,6015.7
0,RAYMOND C. ADKINS,STATE REPRESENTATIVE DISTRICT 40,D,34.6,0,2012,1002668,0,2520,0,0,150,0,0,2670,0,0,0,0,0,2790,0,0,0,0,2790
0,THOMAS GORDON,COUNTY EXECUTIVE (N),D,45.8,1,2012,1001762,0,0,0,0,0,0,0,0,0,0,0,0,0,0,0,0,0,0,0
0,THOMAS GORDON,COUNTY EXECUTIVE (N),D,45.8,1,2012,1002742,0,18400,21104.36,0,0,400,15950,55854.36,8530.86,573.5,2935,1600.25,6263,15859.27,40862.5,2000,0,0,78624.38
0,PAUL G. CLARK,COUNTY EXECUTIVE (N),D,33,0,2012,1001318,0,0,0,0,0,0,0,0,0,0,0,0,0,0,0,0,0,0,0
0,PAUL G. CLARK,COUNTY EXECUTIVE (N),D,33,0,2012,1002386,0,47025,33550,0,3985,1450,12740,98750,40,160,154823.56,1838.07,5914.5,11069.44,11784.36,3521.25,0,0,189151.18
0,JONATHAN W. HUSBAND,COUNTY EXECUTIVE (N),D,10.8,0,2012,1002730,0,900,6000,0,650,0,0,7550,5577,70,0,394.76,55.51,1382.5,172.82,0,0,0,7652.59
0,WILLIAM F. SHAHAN JR.,COUNTY EXECUTIVE (N),D,10.4,0,2012,1002586,0,10051.15,759.83,0,537.73,0,0,11348.71,5577,1940.76,1458.55,105,0,498.84,4223.05,280.43,278.51,0,14362.14
0,CHRISTOPHER A. BULLOCK,PRESIDENT OF COUNTY COUNCIL (N),D,56,1,2012,1002697,0,12675,600,0,3900,250,2500,19925,3943,1875,3322.25,2013,4000,11489.79,13720.23,808.32,2491.63,0,43663.22
0,RENEE C. TASCHNER,PRESIDENT OF COUNTY COUNCIL (N),D,44,0,2012,1002665,0,13165,1950,0,1500,2807.78,0,19422.78,2866.33,150,2410,1654.1,5109.94,9456.09,6866.16,1500,0,0,30012.62
1,JOHN J. CARTIER,COUNTY COUNCIL DISTRICT 8 (N),D,66.2,1,2012,1000342,0,3750,1700,0,2451.5,0,600,8501.5,1704,150,1144.92,1379.48,70,1573.49,1039.79,2384.96,11482.43,0,20929.07
0,RICHARD T. PERILLO,COUNTY COUNCIL DISTRICT 8 (N),D,33.8,0,2012,1002669,0,200,4000,0,50,0,0,4250,0,0,1704,308.28,0,2005.04,0,0,0,0,4017.32
0,DENNIS P. WILLIAMS,MAYOR,D,38.5,1,2012,1002576,0,17775,2200,0,0,450,2050,22475,0,1100,3645,3852.83,2561.13,24893,18068,7462.86,9875.17,0,71457.99
0,DENNIS P. WILLIAMS,MAYOR,D,38.5,1,2012,1000029,0,16325,3100,0,200,450,2050,22125,0,1100,1045,3276.4,1078.85,18318.15,9356.3,1000,0,0,35174.7
0,KEVIN F. KELLEY,MAYOR,D,28.5,0,2012,1002544,0,12945,8000,0,3515,1500,500,26460,4520,1736.96,9392.81,853.95,1728.23,7375.41,15040.44,6202.28,0,0,46850.08
0,KEVIN F. KELLEY,MAYOR,D,28.5,0,2012,0,0,0,0,0,0,0,0,0,0,0,0,0,0,0,0,0,0,0,0
0,WILLIAM S. MONTGOMERY,MAYOR,D,20.8,0,2012,1002564,0,36956,0,0,20297,0,4750,62003,0,100,8225.68,6510.13,3033.51,33034.74,10203.41,2700.41,0,0,63807.88
0,ROBERT BOVELL,MAYOR,D,9.3,0,2012,1003194,0,0,0,0,0,0,0,0,0,0,0,0,0,0,0,0,0,0,0
0,ROBERT BOVELL,MAYOR,D,9.3,0,2012,1000405,0,450,13520,0,100,0,450,14520,4520,0,0,475.5,0,11284.5,0,0,0,0,16280
0,SCOTT R. SPENCER,MAYOR,D,2.9,0,2012,1002703,2500,1400,2000,0,640,0,0,6540,4520,0,0,0,0,1182,0,0,0,0,5702
0,LORETTA WALSH,CITY COUNCIL AT LARGE,D,24.2,1,2012,1000455,0,6570,10700,0,4340,1200,1000,23810,0,4415.1,1075,1194.78,4081.92,4459.4,5579.92,0,2400,0,23206.12
1,JUSTEN WRIGHT,CITY COUNCIL AT LARGE,D,23.3,0,2012,1001758,2398.44,0,0,0,0,0,0,2398.44,1106,0,0,0,0,1832.67,2456.5,0,0,0,5395.17
1,JUSTEN WRIGHT,CITY COUNCIL AT LARGE,D,23.3,0,2012,1003590,0,0,0,0,0,0,0,0,0,0,0,0,0,0,0,0,0,0,0
0,MARIA D. CABRERA,CITY COUNCIL AT LARGE,D,10.9,0,2012,1002774,0,0,2906,0,600,0,0,3506,0,1800,0,586.62,41.26,3474.38,268.6,0,0,0,6170.86
0,KENNETH MATLUSKY,CITY COUNCIL AT LARGE,D,9.3,0,2012,1002731,0,200,0,0,0,0,0,200,1106,0,0,0,1892.48,5249.68,240,0,0,0,8488.16
0,KENNETH MATLUSKY,CITY COUNCIL AT LARGE,D,9.3,0,2012,1002105,0,0,0,0,0,0,0,0,0,0,0,0,0,0,0,0,0,0,0
0,KENNETH MATLUSKY,CITY COUNCIL AT LARGE,D,9.3,0,2012,1003824,0,0,0,0,0,0,0,0,0,0,0,0,0,0,0,0,0,0,0
0,DEVON HYNSON,CITY COUNCIL AT LARGE,D,9.2,0,2012,1002771,0,400,0,0,100,0,0,500,0,0,0,0,0,1745.69,1334,0,0,0,3079.69
0,TYLER BROOKS,CITY COUNCIL AT LARGE,D,8.5,0,2012,1002702,0,0,0,0,0,0,0,0,0,0,0,0,0,0,0,0,0,0,0
0,VINCENT M. WHITE,CITY COUNCIL AT LARGE,D,7.7,0,2012,1001397,2500,150,0,0,50,0,0,2700,0,1106,0,0,200,1547.73,0,0,0,0,2853.73
0,CLARA ZAHRADNIK,CITY COUNCIL AT LARGE,D,6.9,0,2012,1002755,0,500,2106,0,100,0,0,2706,1106,0,0,0,1580.18,207.76,2480,0,0,0,5373.94
0,NNAMDI O. CHUKWUOCHA,CITY COUNCIL DISTRICT 1,D,54.1,1,2012,1001642,2867,2350,0,0,1759.33,0,1150,8126.33,0,0,416.4,2276.11,321.2,6009.03,823.2,0,0,0,9845.94
0,SAMUEL L. GUY,CITY COUNCIL DISTRICT 1,D,45.9,0,2012,1001811,0,2150,3841,0,150,0,0,6141,0,50,154.65,100,717.15,5007.13,93.45,0,0,0,6122.38
1,ERNEST M. CONGO II,CITY COUNCIL DISTRICT 2,D,70.2,1,2012,1001820,0,0,0,0,0,0,0,0,0,0,0,0,0,1278.5,0,0,4530,0,5808.5
0,KATHLEEN PATTERSON,CITY COUNCIL DISTRICT 2,D,29.8,0,2012,1002733,0,686,1106,0,0,0,0,1792,0,250.08,0,1106,0,255,639.25,0,0,0,2250.33
0,DARIUS BROWN,CITY COUNCIL DISTRICT 3,D,36.1,1,2012,1001747,0,0,0,0,0,0,0,0,0,0,0,650.85,0,2671,0,1548,0,0,4869.85
0,U'GUNDI O. JACOBS,CITY COUNCIL DISTRICT 3,D,27.4,0,2012,1002729,0,0,0,0,100,0,0,100,1106,0,0,300,0,3500,0,0,600,0,5506
0,ERIC D. ROBINSON,CITY COUNCIL DISTRICT 3,D,19.4,0,2012,1002630,0,5276,1600,0,2620,0,500,9996,1106,1700,0,998,808.68,736.8,3591.79,0,0,0,8941.27
0,RICHARD L. DYTON,CITY COUNCIL DISTRICT 3,D,13.5,0,2012,1001772,0,0,0,0,0,0,0,0,0,0,0,0,0,0,0,0,0,0,0
0,WILBERT SPENCER JR.,CITY COUNCIL DISTRICT 3,D,3.6,0,2012,1002756,0,0,0,0,0,0,0,0,0,0,0,0,0,0,630.8,0,0,0,630.8
1,HANIFA SHABAZZ,CITY COUNCIL DISTRICT 4,D,69.2,1,2012,1000453,0,6129.6,0,0,2400,0,600,9129.6,250.61,0,1025,1414.9,0,6836,525,350,2161.98,0,12563.49
1,HANIFA SHABAZZ,CITY COUNCIL DISTRICT 4,D,69.2,1,2012,1003525,0,0,0,0,0,0,0,0,0,0,0,0,0,0,0,0,0,0,0
0,DWIGHT L. DAVIS,CITY COUNCIL DISTRICT 4,D,30.8,0,2012,1002793,0,0,1106,0,0,0,0,1106,1106,0,0,0,0,0,0,0,0,0,1106
1,SAMUEL PRADO,CITY COUNCIL DISTRICT 5,D,46.8,1,2012,1000337,0,1850,1400,0,0,0,500,3750,0,0,1106,289.7,0,2503,204.42,0,0,0,4103.12
0,GARY HUTT,CITY COUNCIL DISTRICT 5,D,44.9,0,2012,1002653,0,1350,7423,0,0,0,0,8773,0,1106,200,0,0,9130,0,0,0,0,10436
0,LINDA CANNON,CITY COUNCIL DISTRICT 5,D,8.3,0,2012,1002782,0,0,200,0,100,0,0,300,0,200,0,64.9,0,11.99,120.32,0,70,0,467.21
0,SHERRY DORSEY-WALKER,CITY COUNCIL DISTRICT 6,D,54.4,1,2012,1002715,0,1050,0,0,600,0,200,1850,0,0,1300,25,19.8,282.08,1326.4,0,0,1143.91,4097.19
0,SHERRY DORSEY-WALKER,CITY COUNCIL DISTRICT 6,D,54.4,1,2012,1003107,0,0,0,0,0,0,0,0,0,0,0,0,0,0,0,0,0,0,0
0,STANLEY W. KOZICKI,CITY COUNCIL DISTRICT 6,D,45.6,0,2012,1002776,0,0,1870.71,0,0,0,0,1870.71,1106,0,435.2,66.46,30.95,0,549.7,0,50,0,2238.31
0,ROBERT A. WILLIAMS,CITY COUNCIL DISTRICT 7,D,45.8,1,2012,1002609,1106,575,1100,0,0,125,0,2906,300,0,469.27,324.42,45,66.28,2030.75,0,0,0,3235.72
0,JOHN ERIKSON,CITY COUNCIL DISTRICT 7,D,30.5,0,2012,1002683,0,900,3920.86,0,191.94,0,300,5312.8,1106,500,0,0,0,1462.86,852,0,0,0,3920.86
0,STEVEN COLON,CITY COUNCIL DISTRICT 7,D,23.7,0,2012,1002773,0,0,0,0,200,0,0,200,0,0,0,0,0,1687.72,0,0,0,0,1687.72
0,THOMAS H. KOVACH,REPRESENTATIVE IN CONGRESS,R,65.6,1,2012,1001880,0,0,0,0,0,0,0,0,0,0,0,0,0,0,0,0,0,0,0
0,ERNESTO B. LOPEZ,STATE SENATOR DISTRICT 6,R,54.9,1,2012,1002575,0,38251,712.5,0,8310,550,2725,50548.5,218,3251.47,5935.79,2467.19,4396.7,34496.12,9047.04,1924.5,0,0,61736.81
0,GLEN URQUHART,STATE SENATOR DISTRICT 6,R,45.1,0,2012,1002292,0,23950,111535.05,0,4295,0,5300,145080.05,0,600,15490.96,3136.9,8877.03,100006.89,1124.41,60,5010.23,0,134306.42
1,F. GARY SIMPSON,STATE SENATOR DISTRICT 18,R,68,1,2012,1000127,0,1200,0,0,0,0,300,1500,0,4318,400,0,6675.38,2780.5,587.5,0,0,0,14761.38
0,MATTHEW A. OPALISKI,STATE SENATOR DISTRICT 18,R,32,0,2012,1002081,0,0,0,0,0,0,0,0,0,0,0,0,0,1134,0,0,0,0,1134
0,ERIC R. BODENWEISER,STATE SENATOR DISTRICT 19,R,52.7,1,2012,1002282,0,1250,22706.69,0,120,0,1200,25276.69,436,0,450,870,9538.54,18816.55,6682.71,372.2,0,0,37166
1,JOSEPH W. BOOTH,STATE SENATOR DISTRICT 19,R,47.3,0,2012,1002077,0,4975,1750,0,1400,0,200,8325,0,420,436,1359.33,6148.28,11096.27,3284.79,0,0,0,22744.67
1,JOSEPH W. BOOTH,STATE SENATOR DISTRICT 19,R,47.3,0,2012,1000279,0,0,0,0,0,0,0,0,0,0,0,0,0,0,0,0,0,0,0
1,JOSEPH E. MIRO,STATE REPRESENTATIVE DISTRICT 22,R,60.8,1,2012,1000070,0,1500,2275,0,200,0,1150,5125,872,0,465.7,1403.92,3826.76,2173.13,4333.21,250,316.08,0,13640.8
0,NICK T. MANOLAKOS,STATE REPRESENTATIVE DISTRICT 22,R,39.2,0,2012,1001452,0,400,2200,0,1460,201,0,4261,0,0,969.4,2254.47,3602,962,3884.31,0,100,0,11772.18
0,ELLIS B. PARROTT,STATE REPRESENTATIVE DISTRICT 32,R,73.6,1,2012,1002694,0,1350,580,0,1773.58,0,0,3703.58,0,580,250,725.27,440.56,1195.55,6645.32,597.15,728.49,0,11162.34
0,WILLIAM MCVAY,STATE REPRESENTATIVE DISTRICT 32,R,26.4,0,2012,1002243,0,1600,500,0,0,0,1700,3800,0,300,30,69.97,45,3948.59,0,0,0,0,4393.56
1,DANIEL B. SHORT,STATE REPRESENTATIVE DISTRICT 39,R,80.2,1,2012,1001340,0,1100,1850,0,0,235.7,300,3485.7,0,800,0,1004.07,3230.38,5734.64,1500.58,0,0,0,12269.67
0,PATRICK J. MURRAY,STATE REPRESENTATIVE DISTRICT 39,R,19.8,0,2012,1002749,0,0,0,0,0,0,0,0,0,0,0,0,0,586,2698,0,0,0,3284
1,MICHAEL H. VINCENT,COUNTY COUNCIL DISTRICT 1 (X),R,60.6,1,2012,1001761,6045.4,4950,0,0,90,0,600,11685.4,184,0,0,0,90,13417.73,0,0,0,0,13691.73
0,SCOTT R. WITZKE,COUNTY COUNCIL DISTRICT 1 (X),R,39.4,0,2012,1002699,0,1150,912.82,0,300,0,0,2362.82,0,0,0,268,0,2213.19,0,0,0,0,2481.19
1,SAMUEL R. WILSON JR.,COUNTY COUNCIL DISTRICT 2 (X),R,74.2,1,2012,1001818,0,2250,250,0,675,0,0,3175,0,0,0,100,0,2374,0,0,75,0,2549
0,JOHN J. CHRISTENSEN,COUNTY COUNCIL DISTRICT 2 (X),R,25.8,0,2012,1002727,0,0,0,0,0,0,0,0,0,0,0,0,166,255,125.95,0,0,0,546.95
0,DONALD R. AYOTTE,COUNTY COUNCIL DISTRICT 3 (X),R,52.3,1,2012,1002616,0,0,214,0,100,0,1200,1514,0,214,0,264.98,0,749,328.09,0,0,0,1556.07
0,BRENT A. WANGEN,COUNTY COUNCIL DISTRICT 3 (X),R,47.7,0,2012,1002330,0,1800,600,0,50,0,1200,3650,0,268,1250,0,0,3710.03,143.76,0,0,0,5371.79
0,SEAN BARNEY,STATE TREASURER,D,71,1,2014,1003012,0,57490,28400,0,780,4250,24108,115028,0,60,697.6,3141.7,303.8,609,240,1800,18126.97,116.91,25095.98
1,CHIP FLOWERS JR,STATE TREASURER,D,29,0,2014,1002085,2408.55,0,16515.12,0,100,0,0,19023.67,0,0,0,0,0,0,0,0,0,0,0
0,BRENDA R MAYRACK,AUDITOR OF ACCOUNTS,D,55,1,2014,1002976,1019.2,26031.28,49428,0,1474.95,3750,8000,89703.43,0,0,3606.03,2719.43,46955.2,5824.75,3620.64,1687.2,9508.52,411.4,74333.17
0,KENNETH MATLUSKY,AUDITOR OF ACCOUNTS,D,45,0,2014,1002731,0,0,0,0,0,0,0,0,0,0,0,0,0,0,0,0,0,0,0
0,KENNETH MATLUSKY,AUDITOR OF ACCOUNTS,D,45,0,2014,1002105,0,3197.57,0,0,50,0,0,3247.57,0,0,0,0,1297,250,0,0,0,0,1547
0,KENNETH MATLUSKY,AUDITOR OF ACCOUNTS,D,45,0,2014,1003824,0,0,0,0,0,0,0,0,0,0,0,0,0,0,0,0,0,0,0
1,ROBERT I MARSHALL,STATE SENATOR DISTRICT 3,D,51,1,2014,1000011,25034,1100,6800,0,200,600,0,33734,0,0,693,3035,14798.56,4595.2,3673,300,0,0,27094.76
1,ROBERT I MARSHALL,STATE SENATOR DISTRICT 3,D,51,1,2014,1003572,0,0,0,0,0,0,0,0,0,0,0,0,0,0,0,0,0,0,0
0,SHERRY DORSEY WALKER,STATE SENATOR DISTRICT 3,D,49,0,2014,1003107,0,600,1200,0,0,0,0,1800,0,0,56.58,528,0,0,1260.3,0,0,0,1844.88
0,SHERRY DORSEY WALKER,STATE SENATOR DISTRICT 3,D,49,0,2014,1003546,0,0,0,0,0,0,0,0,0,0,0,0,0,0,0,0,0,0,0
1,BRYAN TOWNSEND,STATE SENATOR DISTRICT 11,D,78.1,1,2014,1002581,0,6550,10000,0,0,0,4500,21050,0,0,1107.36,2089.85,18.27,2839.07,1331.99,52.96,3850,654.32,11943.82
0,DAVID L TACKETT,STATE SENATOR DISTRICT 11,D,21.9,0,2014,1003216,0,0,0,0,0,0,0,0,0,673.05,0,0,0,1917.95,209,0,0,0,2800
0,DAVID L TACKETT,STATE SENATOR DISTRICT 11,D,21.9,0,2014,1000328,0,0,0,0,0,673.05,0,673.05,0,0,0,0,0,1917.95,209,0,0,0,2126.95
0,PATRICK J EMORY,STATE SENATOR DISTRICT 18,D,65.4,1,2014,1001358,10000,5050,14650,0,1600,3300,0,34600,0,0,250,2701.04,0,4010.42,3752.73,18.95,0,0,10733.14
0,GARY M WOLFE,STATE SENATOR DISTRICT 18,D,34.6,0,2014,1002757,2200,0,0,0,0,0,0,2200,0,0,0,0,416.13,0,0,0,0,0,416.13
0,GARY M WOLFE,STATE SENATOR DISTRICT 18,D,34.6,0,2014,1003860,0,0,0,0,0,0,0,0,0,0,0,0,0,0,0,0,0,0,0
0,SEAN MATTHEWS,STATE REPRESENTATIVE DISTRICT 10,D,55,1,2014,1002578,0,5485,14700,0,400,3850,1750,26185,0,0,48.8,0,2265.33,825,3880.45,0,800,0,7819.58
1,DENNIS E WILLIAMS,STATE REPRESENTATIVE DISTRICT 10,D,45,0,2014,1001776,9120,500,3122.93,0,0,600,0,13342.93,0,0,111.84,0,1203.34,250,543.92,191.29,1000,145.16,3445.55
1,VALERIE LONGHURST,STATE REPRESENTATIVE DISTRICT 15,D,64.3,1,2014,1000298,0,3150,25050,0,2025,975,5000,36200,0,900,1762.33,1677.35,4632.95,8328.61,3663.42,597.17,0,0,21561.83
0,JAMES BURTON,STATE REPRESENTATIVE DISTRICT 15,D,35.7,0,2014,1003080,4736.55,1200,600,0,0,0,0,6536.55,0,0,0,0,1460.2,1790.5,572.11,0,0,179.48,4002.29
0,JAMES BURTON,STATE REPRESENTATIVE DISTRICT 15,D,35.7,0,2014,1003796,0,0,0,0,0,0,0,0,0,0,0,0,0,0,0,0,0,0,0
1,MICHAEL BARBIERI,STATE REPRESENTATIVE DISTRICT 18,D,82.4,1,2014,1001400,0,550,7375,0,700,900,500,10025,0,0,1112.45,531.25,1335.67,676,11319.69,223,0,0,15198.06
0,CHRISTOPHER A PIECUCH,STATE REPRESENTATIVE DISTRICT 18,D,17.6,0,2014,1003174,0,0,0,0,0,0,0,0,0,0,0,0,0,0,2556,0,0,0,2556
1,KIMBERLY WILLIAMS,STATE REPRESENTATIVE DISTRICT 19,D,67,1,2014,1001986,0,775,13900,0,1830,1400,725,18630,0,200,38.97,0,3696.52,630.5,4635.65,70.97,0,425,9697.61
0,WILLIAM H DUNN,STATE REPRESENTATIVE DISTRICT 19,D,33,0,2014,1002627,0,0,0,0,0,0,0,0,0,0,134.95,0,0,0,0,0,0,0,134.95
0,SEAN M LYNN,STATE REPRESENTATIVE DISTRICT 31,D,60.7,1,2014,1003091,1607.82,5300,11300,300,2635,3600,660,25402.82,0,0,754.41,10.63,1366.53,489.77,1826.96,0,0,0,4448.3
0,RALPH LEROY TAYLOR JR,STATE REPRESENTATIVE DISTRICT 31,D,39.3,0,2014,1003098,487.98,0,1200,0,0,0,0,1687.98,0,0,0,0,0,0,1195.48,0,0,47.04,1242.52
0,ROBERT C WHEATLEY,COUNTY COUNCIL DISTRICT 5 (X),D,60.3,1,2014,1003089,0,9525,8900,1000,1685,1000,850,22960,0,0,802,16.25,0,2743.11,2398.54,0,0,0,5959.9
0,S BRADLEY CONNOR,COUNTY COUNCIL DISTRICT 5 (X),D,39.7,0,2014,1002971,959.76,650,0,0,75,0,0,1684.76,0,0,0,0,0,0,5170,0,0,0,5170
0,S BRADLEY CONNOR,COUNTY COUNCIL DISTRICT 5 (X),D,39.7,0,2014,1003819,0,0,0,0,0,0,0,0,0,0,0,0,0,0,0,0,0,0,0
0,KENNETH SIMPLER,STATE TREASURER,R,53.9,1,2014,1003002,100000,129209,24653.34,0,19842,0,14030,287734.34,0,2013.78,5149.74,7597.82,25541.68,113665.66,34515.59,1464.68,21911.14,0,211860.09
0,CHERYL A VALENZUELA,STATE TREASURER,R,46.1,0,2014,1002585,99600,0,1000,0,0,0,1000,101600,0,0,26430.05,62.5,50182.9,282.33,6273.18,0,3000,38.55,86269.51
1,JOSEPH E MIRO,STATE REPRESENTATIVE DISTRICT 22,R,56.9,1,2014,1000070,0,3275,10950,0,350,600,300,15475,0,125,125,655,2400.08,919.64,3006.15,68.26,0,146.25,7445.38
0,MICHAEL SMITH,STATE REPRESENTATIVE DISTRICT 22,R,43.1,0,2014,1003160,0,600,1800,0,0,0,0,2400,0,0,0,0,0,6000,0,0,0,31.74,6031.74
1,HAROLD J PETERMAN,STATE REPRESENTATIVE DISTRICT 33,R,64.5,1,2014,1002805,0,4663,4800,0,7960,2450,0,19873,880.82,0,0,1437.5,0,609.16,1050.36,0,0,0,3977.84
1,HAROLD J PETERMAN,STATE REPRESENTATIVE DISTRICT 33,R,64.5,1,2014,1000093,0,3450,4150,0,0,400,0,8000,0,0,335.91,0,9922.29,1075,470,0,1000,0,12803.2
0,CHARLES S POSTLES JR,STATE REPRESENTATIVE DISTRICT 33,R,35.5,0,2014,1003148,0,0,0,0,193.34,0,0,193.34,0,0,0,0,0,1196.24,1650,0,53,209.71,3108.95
0,LYNDON DEAN YEARICK,STATE REPRESENTATIVE DISTRICT 34,R,58.2,1,2014,1003090,0,6125,9800,0,0,0,0,15925,0,0,0,0,147,511,2445.42,0,0,55,3158.42
1,DONALD A BLAKEY,STATE REPRESENTATIVE DISTRICT 34,R,41.8,0,2014,1000094,0,150,900,0,0,250,0,1300,0,0,0,0,1024.98,356,2814.29,0,0,0,4195.27
1,JANET KILPATRICK,COUNTY COUNCIL DISTRICT 3 (N),R,64.9,1,2014,1002250,0,6000,3200,0,0,600,0,9800,0,0,302.16,0,5271.71,3647.14,6952.35,0,0,0,16173.36
0,MICHAEL D PROTACK,COUNTY COUNCIL DISTRICT 3 (N),R,35.1,0,2014,1001602,0,0,0,0,0,0,0,0,0,0,1000,0,1532,199,0,0,0,0,2731
0,ROBERT B ARLETT,COUNTY COUNCIL DISTRICT 5 (X),R,55.1,1,2014,1003168,501.72,6940.19,4600,0,1320,2475,1200,17036.91,0,0,75,20.05,0,676.72,4103.83,0,0,17.3,4892.9
1,VANCE C PHILLIPS,COUNTY COUNCIL DISTRICT 5 (X),R,44.9,0,2014,1000116,5500,2050,787,0,300,0,0,8637,0,0,0,0,1438.36,6250.32,0,0,0,20,7708.68
0,CYNTHIA GREEN,REGISTER OF WILLS (X),R,56.2,1,2014,1002235,1368,1100,0,0,600,0,0,3068,0,0,0,300,0,0,708.5,0,0,0,1008.5
0,BRIAN D BUTLER,REGISTER OF WILLS (X),R,43.8,0,2014,1003162,109.03,0,0,0,200,0,0,309.03,0,0,0,0,0,0,0,0,0,0,0
0,ROBERT T LEE,SHERIFF (X),R,50.1,1,2014,1003113,1000,1503,3600,0,1635,200,200,8138,0,0,0,265,3687.63,5625.04,1088,0,0,0,10665.67
1,JEFFREY S CHRISTOPHER,SHERIFF (X),R,49.9,0,2014,1002355,0,1200,0,0,124,0,0,1324,0,0,88.49,0,0,1194.03,588.84,67.44,60.24,0,1999.04
0,BRYAN TOWNSEND,REPRESENTATIVE IN CONGRESS,D,24.84,0,2016,1002581,0,0,1550,0,0,0,0,1550,0,6655,602.91,270,2010,4740,2583,577.9,0,1075.84,18514.65
0,SEAN BARNEY,REPRESENTATIVE IN CONGRESS,D,20.2,0,2016,1003012,0,0,0,0,0,0,0,0,0,0,0,0,0,0,0,0,0,0,0
0,BETHANY HALL-LONG,LIEUTENANT GOVERNOR,D,29.09,1,2016,1003536,70000,75550,69950,0,6685,6950,8100,237235,2500,560,5628.54,9731.86,71359.37,53460.52,115709.4,8217.7,36796.88,1700,305664.27
0,BETHANY HALL-LONG,LIEUTENANT GOVERNOR,D,29.09,1,2016,1000183,0,0,0,0,0,0,0,0,0,0,0,0,0,0,0,0,0,0,0
0,SHERRY DORSEY WALKER,LIEUTENANT GOVERNOR,D,21.82,0,2016,1003107,0,0,0,0,0,0,0,0,0,0,0,0,0,0,0,0,0,0,0
0,SHERRY DORSEY WALKER,LIEUTENANT GOVERNOR,D,21.82,0,2016,1003546,0,0,0,0,0,290,0,290,0,0,502.15,9.7,0,95.88,1359.96,0,100,0,2067.69
0,KATHLEEN MCGUINESS,LIEUTENANT GOVERNOR,D,17.24,0,2016,1003483,0,5200,5150,0,975,0,850,12175,0,0,0,1041.66,0,1033.71,18688,587.29,9863.69,530.4,31744.75
0,CIRO POPPITI III,LIEUTENANT GOVERNOR,D,17.21,0,2016,1003528,4000,4200,1700,0,400,0,1450,11750,0,0,1830.36,699.31,0,1521.7,1025,0,24261.52,2651,31988.89
0,CIRO POPPITI III,LIEUTENANT GOVERNOR,D,17.21,0,2016,1002266,0,0,600,0,0,0,0,600,0,0,0,40,0,0,78,16,0,0,134
0,GREGORY FULLER SR,LIEUTENANT GOVERNOR,D,9.05,0,2016,1003443,0,250,0,0,100,0,0,350,0,0,485,0,0,565.21,0,163.3,0,223.96,1437.47
0,BRADLEY S EABY,LIEUTENANT GOVERNOR,D,5.59,0,2016,1003308,5524.46,0,0,0,10,0,0,5534.46,0,0,0,11.75,0,50,0,494.29,1097.41,0,1653.45
0,BRADLEY S EABY,LIEUTENANT GOVERNOR,D,5.59,0,2016,1002271,0,0,0,0,0,0,0,0,0,0,0,0,0,0,0,0,0,0,0
0,TRINIDAD NAVARRO,INSURANCE COMMISSIONER,D,54.92,1,2016,1002099,0,0,0,0,0,4547,0,4547,0,320,0,4286.5,0,990,0,0,750,25,6371.5
0,TRINIDAD NAVARRO,INSURANCE COMMISSIONER,D,54.92,1,2016,1003501,0,36800,36606.25,0,2698.6,1200,11500.1,88804.95,0,1810,1426.16,781.32,19417.57,26365.94,20779.61,1362.9,12929,403.34,85275.84
1,KAREN WELDIN STEWART,INSURANCE COMMISSIONER,D,45.08,0,2016,1000194,0,965.5,1371.7,0,200,0,0,2537.2,0,200,200,0,0,2600,4206,328.72,682.07,200,8416.79
1,HARRIS B MCDOWELL III,STATE SENATOR DISTRICT 1,D,70.84,1,2016,1000009,0,8125,31544.36,0,4575,3050,5700,52994.36,0,1100,3889.02,1058.38,23795.45,14130.23,11340.36,0,6600,0,61913.44
0,JOSEPH D MCCOLE,STATE SENATOR DISTRICT 1,D,29.16,0,2016,1003846,3823.22,0,0,0,0,0,0,3823.22,0,0,0,0,0,0,0,0,0,0,0
0,JOHN WALSH,STATE SENATOR DISTRICT 9,D,57.17,1,2016,1003818,0,1800,6650,0,0,800,2700,11950,0,1000,725,900,259.49,0,490,0,7997.18,355.03,11726.7
0,CAITLIN M OLSEN,STATE SENATOR DISTRICT 9,D,42.83,0,2016,1003840,694.44,1250,1100,0,100,600,0,3744.44,0,0,0,68.44,0,685.84,8786,0,150,0,9690.28
1,BRYON SHORT,STATE REPRESENTATIVE DISTRICT 7,D,63.34,1,2016,1001546,0,2850,14950,0,2070,0,400,20270,0,780,3119.52,92.85,0,8951.76,0,346.88,0,0,13291.01
0,DAVID D BRADY,STATE REPRESENTATIVE DISTRICT 7,D,36.66,0,2016,1003540,1933.51,0,0,0,0,0,0,1933.51,0,0,419.59,0,0,0,0,0,0,0,419.59
0,MONIQUE JOHNS,STATE REPRESENTATIVE DISTRICT 9,D,60.92,1,2016,1003800,0,1000,1900,2600,650,2400,2400,10950,0,0,348.16,385.12,65.39,15993.65,211.49,54.49,75,0,17133.3
0,RICHARD GRIFFITHS,STATE REPRESENTATIVE DISTRICT 9,D,39.08,0,2016,1003776,0,0,0,0,68.29,0,0,68.29,0,0,125,0,491.39,857.92,0,0,0,0,1474.31
1,SEAN MATTHEWS,STATE REPRESENTATIVE DISTRICT 10,D,75.47,1,2016,1002578,0,1700,12250,0,300,700,0,14950,0,0,0,0,11036.77,0,8200.45,0,0,0,19237.22
0,DENNIS E WILLIAMS,STATE REPRESENTATIVE DISTRICT 10,D,24.53,0,2016,1001776,0,0,0,0,0,0,0,0,0,0,0,75,0,0,0,0,0,0,75
1,PETER C SCHWARTZKOPF,STATE REPRESENTATIVE DISTRICT 14,D,73.9,1,2016,1000275,0,7150,25775,0,525,600,3400,37450,0,5800,9710.65,2120,31443.8,3027.87,855,811.61,0,1866.76,55635.69
0,DON R PETERSON,STATE REPRESENTATIVE DISTRICT 14,D,26.1,0,2016,1003697,0,0,0,0,100,600,0,700,0,0,0,0,0,0,0,0,0,8.33,8.33
1,VALERIE LONGHURST,STATE REPRESENTATIVE DISTRICT 15,D,64.46,1,2016,1000298,0,750,16525,0,300,0,0,17575,0,5369.95,1124.85,186.76,205.75,4076.39,276.04,433.97,0,0,11673.71
0,JAMES BURTON,STATE REPRESENTATIVE DISTRICT 15,D,35.54,0,2016,1003080,0,0,0,0,0,0,0,0,0,0,0,0,0,0,0,0,0,0,0
0,JAMES BURTON,STATE REPRESENTATIVE DISTRICT 15,D,35.54,0,2016,1003796,376.82,0,0,0,0,0,0,376.82,0,0,271.29,0,0,0,105.53,0,0,0,376.82
0,MATTHEW MEYER,COUNTY EXECUTIVE (N),D,52.33,1,2016,1003643,0,34557,25150,0,1900,1400,5725,68732,677.68,600,3883.99,6434.67,22347.13,53298.12,11068,1542.57,27180,17261.94,144294.1
1,THOMAS P GORDON,COUNTY EXECUTIVE (N),D,47.67,0,2016,1002968,0,5950,6350,0,0,500,200,13000,0,200,572.5,1013,4365.9,8121.08,28495.97,174.59,2000,0,44943.04
0,KAREN HARTLEY-NAGLE,PRESIDENT OF COUNTY COUNCIL (N),D,48.55,1,2016,1003534,0,5184,6100,0,1300,0,828.5,13412.5,0,625,2964,413.86,1456.39,7156.19,2537.32,295.36,64.91,0,15513.03
0,PENROSE HOLLINS,PRESIDENT OF COUNTY COUNCIL (N),D,31.59,0,2016,1003724,1000,0,0,0,0,0,0,1000,0,0,0,0,0,4489,0,0,0,3400,7889
0,PENROSE HOLLINS,PRESIDENT OF COUNTY COUNCIL (N),D,31.59,0,2016,1002323,0,0,0,0,0,0,0,0,0,0,0,0,0,0,0,0,0,0,0
0,DAVID ROBERTS,PRESIDENT OF COUNTY COUNCIL (N),D,19.86,0,2016,1003703,0,0,950,0,0,0,0,950,0,0,328.82,104,0,1888.51,0,0,0,40,2361.33
0,MICHAEL S PURZYCKI,MAYOR,D,23.59,1,2016,1003552,5000,51475,15750,0,5378,0,14225,91828,0,0,4289.14,7951.69,11819.34,20294.49,9895.25,9845.02,35992.48,0,100087.41
0,EUGENE R YOUNG,MAYOR,D,21.78,0,2016,1003539,0,1100,0,0,630,0,0,1730,0,0,0,71.76,43,2194.9,278.95,1000,19420.29,0,23008.9
0,KEVIN F KELLEY SR,MAYOR,D,20.29,0,2016,1003542,0,2224.79,1400,0,0,0,0,3624.79,0,0,1208.21,0,3632.33,8922.53,1667,1714.92,1571.49,9861.21,28577.69
1,DENNIS P WILLIAMS,MAYOR,D,13.97,0,2016,1002576,0,900,1150,0,75,0,600,2725,0,0,6900,929.3,0,5249.26,4543.16,0,0,33.29,17655.01
0,THEOPALIS GREGORY SR,MAYOR,D,10.47,0,2016,1003515,31352.05,1000,0,0,200,0,300,32852.05,0,0,387.52,0,0,2819.5,0,0,0,0,3207.02
0,NORMAN D GRIFFITHS,MAYOR,D,5.02,0,2016,1003527,26155.87,0,0,0,75,0,0,26230.87,0,0,416.43,0,0,0,644,0,0,675,1735.43
0,MARIA D CABRERA,MAYOR,D,3.11,0,2016,1003812,0,0,0,0,0,0,0,0,0,0,300,0,62,0,1970,1698,0,0,4030
0,ROBERT I MARSHALL,MAYOR,D,1.77,0,2016,1000011,10000,0,1650,0,31.31,0,0,11681.31,0,0,0,155,0,0,0,0,0,0,155
0,ROBERT I MARSHALL,MAYOR,D,1.77,0,2016,1003572,21691.93,0,0,0,0,0,0,21691.93,0,0,2870,250,7859.93,7500,1882,0,1330,31.31,21723.24
0,HANIFA SHABAZZ,PRESIDENT OF CITY COUNCIL,D,42.57,1,2016,1000453,0,0,0,0,0,0,0,0,0,0,0,0,0,0,0,0,0,0,0
0,HANIFA SHABAZZ,PRESIDENT OF CITY COUNCIL,D,42.57,1,2016,1003525,5000,1700,1550,0,500,0,2400,11150,0,0,1658,0,2105.84,1260,4223,0,0,6747.45,15994.29
0,JUSTEN WRIGHT,PRESIDENT OF CITY COUNCIL,D,37.01,0,2016,1001758,4890.15,0,0,0,0,0,0,4890.15,0,0,0,0,0,0,0,0,0,0,0
0,JUSTEN WRIGHT,PRESIDENT OF CITY COUNCIL,D,37.01,0,2016,1003590,0,1750,0,0,0,0,0,1750,0,0,155,0,0,1775,415,0,0,1099.14,3444.14
0,JOHN M MCCAFFERTY,PRESIDENT OF CITY COUNCIL,D,20.42,0,2016,1003829,295,0,0,0,0,0,0,295,0,0,0,0,295,0,0,0,0,0,295
0,VELDA JONES-POTTER,CITY TREASURER,D,38.93,1,2016,1002098,0,0,0,0,0,0,0,0,0,0,0,0,0,0,0,0,0,0,0
0,VELDA JONES-POTTER,CITY TREASURER,D,38.93,1,2016,1003794,0,1445,1000,0,1460,0,500,4405,0,0,1531.95,610.45,0,233.83,1175.99,250,1750,544.61,6096.83
0,DARIUS J BROWN,CITY TREASURER,D,35.79,0,2016,1003731,0,0,0,0,25,0,300,325,0,0,0,0,0,0,2158,0,0,0,2158
0,KENNETH MATLUSKY,CITY TREASURER,D,25.28,0,2016,1002731,0,0,0,0,0,0,0,0,0,0,0,0,0,0,0,0,0,0,0
0,KENNETH MATLUSKY,CITY TREASURER,D,25.28,0,2016,1002105,0,0,0,0,0,0,0,0,0,0,0,0,0,0,0,0,0,0,0
0,KENNETH MATLUSKY,CITY TREASURER,D,25.28,0,2016,1003824,2509,0,0,0,59.11,0,0,2568.11,0,0,0,0,0,771,1797.11,0,0,0,2568.11
0,LORETTA WALSH,CITY COUNCIL AT LARGE,D,26.8,1,2016,1000455,0,4750,3200,0,1950,0,0,9900,0,0,125,0,0,0,4248.15,2000,0,2.7,6375.85
0,SAMUEL L GUY,CITY COUNCIL AT LARGE,D,17.34,0,2016,1001811,5500,3475,1500,0,1500,0,800,12775,0,0,200,2027.62,141,3682.98,6960,0,0,4353.47,17365.07
0,RYSHEEMA DIXON,CITY COUNCIL AT LARGE,D,13.3,0,2016,1003566,0,1191,1725,0,1270.77,0,0,4186.77,0,0,0,677.26,18.8,175.16,617.73,0,0,52.9,1541.85
0,WAYNNA DOBSON,CITY COUNCIL AT LARGE,D,10.96,0,2016,1003722,0,0,0,0,0,0,0,0,0,0,0,0,0,0,132.5,0,0,0,132.5
0,TYRONE C JOHNSON SR,CITY COUNCIL AT LARGE,D,10.15,0,2016,1003730,0,600,0,0,0,0,600,1200,0,0,104.97,0,0,500,925,0,0,50,1579.97
0,BRUNILDA LUNA-MERCADO,CITY COUNCIL AT LARGE,D,8.09,0,2016,1003820,0,0,265,0,0,0,0,265,0,0,192.66,0,0,619.32,0,0,51,1300,2162.98
0,EDYTHE L PRIDGEN,CITY COUNCIL AT LARGE,D,7.58,0,2016,1003793,0,0,0,0,0,0,0,0,0,0,575.92,40,0,0,57.91,0,0,0,673.83
0,GLADYS BRISTER SPIKES,CITY COUNCIL AT LARGE,D,5.78,0,2016,1003836,0,0,0,0,0,0,0,0,0,0,0,0,0,0,0,0,0,0,0
1,ERNEST CONGO II,CITY COUNCIL DISTRICT 2,D,60.52,1,2016,1001820,0,0,0,0,0,0,0,0,0,0,0,0,0,0,0,0,0,0,0
0,J KATHLEEN PERKINS,CITY COUNCIL DISTRICT 2,D,39.48,0,2016,1003837,0,0,0,0,67.26,0,0,67.26,0,0,0,0,0,67.26,0,0,0,0,67.26
0,ZANTHIA OLIVER,CITY COUNCIL DISTRICT 3,D,43.7,1,2016,1003843,0,300,0,0,0,0,0,300,0,0,0,0,0,0,400,0,0,0,400
0,ERIN HUTT,CITY COUNCIL DISTRICT 3,D,36.13,0,2016,1003677,0,400,0,0,0,0,0,400,0,0,0,0,0,0,150,0,0,502.13,652.13
0,TYLER P BROOKS,CITY COUNCIL DISTRICT 3,D,20.17,0,2016,1000865,0,0,0,0,0,0,0,0,0,0,0,0,0,0,0,0,0,0,0
0,MICHELLE HARLEE,CITY COUNCIL DISTRICT 4,D,59.34,1,2016,1003535,0,400,1800,0,160,0,0,2360,0,50,1638.25,0,386.47,580,211.21,96,120,45.99,3127.92
0,ROBERT P CANNON,CITY COUNCIL DISTRICT 4,D,40.66,0,2016,1003659,0,0,0,0,0,0,0,0,0,0,0,0,0,0,0,0,0,0,0
0,VASHUN TURNER,CITY COUNCIL DISTRICT 5,D,42.82,1,2016,1003814,0,300,600,0,0,300,0,1200,0,0,0,0,0,0,1096,0,0,0,1096
0,ANTHONY MILLER,CITY COUNCIL DISTRICT 5,D,29.95,0,2016,1003783,0,0,0,0,0,0,0,0,0,0,0,0,0,0,0,0,0,0,0
0,GERVASIO VELAZQUEZ,CITY COUNCIL DISTRICT 5,D,27.23,0,2016,1003744,0,200,600,0,0,0,0,800,0,0,0,24,0,0,0,0,0,0,24
0,YOLANDA MCCOY,CITY COUNCIL DISTRICT 6,D,54.08,1,2016,1003798,0,200,0,0,125,0,0,325,0,0,0,32.48,0,81.54,120,2.3,0,160,396.32
0,HEATHER TAYLOR,CITY COUNCIL DISTRICT 6,D,45.92,0,2016,1003801,280,0,600,0,50,0,0,930,0,0,778.22,0.1,0,0,0,0,50,0,828.32
1,ALLAN ANGEL,3RD LEVY COURT DISTRICT (K),D,62.87,1,2016,1000364,0,1560,600,0,4320,0,0,6480,0,0,0,7109.37,0,1050,0,0,0,0,8159.37
0,D KEITH MUMFORD,3RD LEVY COURT DISTRICT (K),D,37.13,0,2016,1003741,1733.36,0,0,0,0,0,0,1733.36,0,0,0,0,510,240,66,0,0,0,816
0,COLIN BONINI,GOVERNOR,R,69.88,1,2016,1003502,0,34380,18477,0,0,4300,7450,64607,0,1950,2000,600,44003.33,20495,27853,678.14,17721.24,1360,116660.71
0,COLIN BONINI,GOVERNOR,R,69.88,1,2016,1000023,0,450,0,0,0,0,0,450,0,0,0,0,940,0,0,0,0,240,1180
0,COLIN BONINI,GOVERNOR,R,69.88,1,2016,1002090,0,0,0,0,0,0,0,0,0,0,0,0,0,0,0,0,0,0,0
0,LACEY LAFFERTY,GOVERNOR,R,30.12,0,2016,1002965,89007.44,0,0,0,0,0,0,89007.44,0,0,0,0,0,0,0,0,0,0,0
0,JEFFREY E CRAGG,INSURANCE COMMISSIONER,R,51.63,1,2016,1003626,0,4250,4500,0,0,0,0,8750,0,0,0,1830.5,0,5962.29,1696,0,0,430.38,9919.17
0,GEORGE PARISH,INSURANCE COMMISSIONER,R,48.37,0,2016,1003467,0,0,0,0,34.66,0,0,34.66,0,0,0,0,7.63,100,0,0,0,0,107.63
0,CHARLES S POSTLES JR,STATE REPRESENTATIVE DISTRICT 33,R,45.21,1,2016,1003148,0,5450,6700,0,2210,3150,600,18110,0,0,0,160.85,2541,6244.21,7437.91,0,0,418.41,16802.38
0,ROBERT SCOTT,STATE REPRESENTATIVE DISTRICT 33,R,35.42,0,2016,1003725,0,0,600,0,100,0,0,700,0,0,0,13.99,0,401,817,0,0,0,1231.99
0,MORGAN HUDSON,STATE REPRESENTATIVE DISTRICT 33,R,19.37,0,2016,1003689,0,0,0,0,0,0,0,0,0,0,16.99,0,0,89.62,0,0,0,0,106.61
1,DAVID L WILSON,STATE REPRESENTATIVE DISTRICT 35,R,69.21,1,2016,1001873,0,5016,10700,0,700,2000,0,18416,0,0,1275,321,0,9457.72,14100.07,0,0,18.75,25172.54
0,ROBERT D MITCHELL,STATE REPRESENTATIVE DISTRICT 35,R,30.79,0,2016,1003624,0,0,0,0,0,0,0,0,0,0,0,0,0,0,1084.24,0,0,0,1084.24
0,MARK BLAKE,COUNTY EXECUTIVE (N),R,82.7,1,2016,1002645,0,4850,7282,0,0,900,1200,14232,0,0,14.99,592.98,235,10738.97,1008,0,0,0,12589.94
0,BARRY NAHE,COUNTY EXECUTIVE (N),R,17.3,0,2016,1003778,0,0,0,0,39,0,0,39,0,0,0,0,0,0,0,0,0,0,0
0,CIRO ADAMS,CITY COUNCIL AT LARGE,R,26.27,1,2016,1003786,0,4100,1550,0,1125.47,0,1300,8075.47,0,150,249.5,182.94,1159,907.4,896.04,981.97,4067.5,0,8594.35
0,CIRO ADAMS,CITY COUNCIL AT LARGE,R,26.27,1,2016,1002705,0,0,0,0,0,0,0,0,0,0,0,0,0,0,0,0,0,0,0
0,ROBERT KEESLER,CITY COUNCIL AT LARGE,R,25.08,0,2016,1003822,1586.65,400,1350,0,788.67,900,0,5025.32,0,0,0,20.65,136,1411.95,4849.33,118.66,0,0,6536.59
0,ROBERT KEESLER,CITY COUNCIL AT LARGE,R,25.08,0,2016,1003133,1112.51,0,334.44,0,0,0,0,1446.95,0,0,0,24,0,0,0,0,0,0,24
0,BENJAMIN COHEN,CITY COUNCIL AT LARGE,R,20.83,0,2016,1003816,873.06,2956.27,200,0,1979,0,2050,8058.33,0,0,372.39,213.14,2637.13,2104.48,2101.91,435,0,0,7864.05
0,GREGORY T LUNA,CITY COUNCIL AT LARGE,R,15.41,0,2016,1003847,1750.21,0,0,0,50,0,0,1800.21,0,0,0,0,0,0,0,0,0,0,0
0,RICHARD L DYTON,CITY COUNCIL AT LARGE,R,12.41,0,2016,1003856,0,1100,0,0,0,0,0,1100,0,0,0,0,0,0,0,0,0,0,0
1,SAMUEL R WILSON JR,COUNTY COUNCIL DISTRICT 2 (X),R,55.55,1,2016,1001818,0,0,200,0,0,0,0,200,0,0,200,0,0,875,0,0,0,0,1075
0,LISA HUDSON BRIGGS,COUNTY COUNCIL DISTRICT 2 (X),R,44.45,0,2016,1003789,0,300,400,0,400,0,0,1100,0,50,0,25,0,949.15,200,23,0,0,1247.15
0,IRWIN G BURTON III,COUNTY COUNCIL DISTRICT 3 (X),R,35.77,1,2016,1003740,30421,10550,6450,0,918.5,600,500,49439.5,0,0,1247.73,205,0,39728.89,2398,112,7500,0,51191.62
0,MARK G SCHAEFFER,COUNTY COUNCIL DISTRICT 3 (X),R,32.15,0,2016,1003609,0,0,0,0,0,0,0,0,0,201.53,0,0,0,0,2535.9,0,0,0,2737.43
0,KEVIN E BURDETTE,COUNTY COUNCIL DISTRICT 3 (X),R,18.94,0,2016,1003665,0,0,600,0,100,0,0,700,0,0,0,0,0,1910.65,0,0,0,0,1910.65
0,FRANK E SHADE,COUNTY COUNCIL DISTRICT 3 (X),R,13.14,0,2016,1003613,0,0,0,0,0,0,0,0,0,0,1035,15,0,0,0,0,0,0,1050
